run_id,method,seed,train_loss,score_loss,AUC,AP,normal_score,abnormal_score,n_params,train_loss_final,minutes,w,base,members
a1-aeu-l2_s42,a1-aeu-l2,42,aeu,l2,0.659167,0.647808418629878,0.018918350338935852,0.026093890890479088,2351440.0,,,,,
a1-aeu-l2_s43,a1-aeu-l2,43,aeu,l2,0.6533009999999999,0.64435186678809,0.01929348148405552,0.02635389193892479,2351440.0,,,,,
a1-aeu-l2_s44,a1-aeu-l2,44,aeu,l2,0.6484030000000001,0.6356268333331709,0.01944042183458805,0.026187118142843246,2351440.0,,,,,
a1-aeu-l2grad_s42,a1-aeu-l2grad,42,aeu,l2grad,0.7283769999999999,0.7103356745122541,9.883141274258378e-07,1.3648443655256415e-06,2351440.0,,,,,
a1-aeu-l2grad_s43,a1-aeu-l2grad,43,aeu,l2grad,0.704191,0.688400192040115,1.0473748943695682e-06,1.395523781866359e-06,2351440.0,,,,,
a1-aeu-l2grad_s44,a1-aeu-l2grad,44,aeu,l2grad,0.719244,0.7005274143712132,1.0253140771965263e-06,1.3924395716458093e-06,2351440.0,,,,,
a1-aeu-perceptual_s42,a1-aeu-perceptual,42,aeu,perceptual,0.7432874999999999,0.7126162478939598,0.6047307252883911,0.6594113707542419,2351440.0,,,,,
a1-aeu-perceptual_s43,a1-aeu-perceptual,43,aeu,perceptual,0.7267035,0.7045514900015741,0.6074051260948181,0.6577637791633606,2351440.0,,,,,
a1-aeu-perceptual_s44,a1-aeu-perceptual,44,aeu,perceptual,0.73944,0.7208731504811203,0.60511314868927,0.6579934358596802,2351440.0,,,,,
a1-aeu-ssim_s42,a1-aeu-ssim,42,aeu,ssim,0.7488460000000001,0.7385764388102349,0.20246554911136627,0.269308477640152,2351440.0,,,,,
a1-aeu-ssim_s43,a1-aeu-ssim,43,aeu,ssim,0.751799,0.7409905509660613,0.2022097408771515,0.26882463693618774,2351440.0,,,,,
a1-aeu-ssim_s44,a1-aeu-ssim,44,aeu,ssim,0.751707,0.7372677525569773,0.20051342248916626,0.2667400538921356,2351440.0,,,,,
a1-l2-l2grad_s42,a1-l2-l2grad,42,l2,l2grad,0.748833,0.7311510003053151,9.398077622790879e-07,1.3344950957616675e-06,2351184.0,,,,,
a1-l2-l2grad_s43,a1-l2-l2grad,43,l2,l2grad,0.7393310000000001,0.7244151691760771,9.043112640938489e-07,1.2745956610160647e-06,2351184.0,,,,,
a1-l2-l2grad_s44,a1-l2-l2grad,44,l2,l2grad,0.727531,0.717422375094815,8.982522103906376e-07,1.2373669733278803e-06,2351184.0,,,,,
a1-l2-perceptual_s42,a1-l2-perceptual,42,l2,perceptual,0.746339,0.7282853287109797,0.6054487228393555,0.66185462474823,2351184.0,,,,,
a1-l2-perceptual_s43,a1-l2-perceptual,43,l2,perceptual,0.7727529999999999,0.7468786978701131,0.5974307656288147,0.6618214249610901,2351184.0,,,,,
a1-l2-perceptual_s44,a1-l2-perceptual,44,l2,perceptual,0.7564365,0.7312252051628284,0.6030926704406738,0.6610404253005981,2351184.0,,,,,
a1-l2-ssim_s42,a1-l2-ssim,42,l2,ssim,0.770729,0.7541673454696303,0.21912570297718048,0.296375572681427,2351184.0,,,,,
a1-l2-ssim_s43,a1-l2-ssim,43,l2,ssim,0.781403,0.7618140194708005,0.21450887620449066,0.2949211895465851,2351184.0,,,,,
a1-l2-ssim_s44,a1-l2-ssim,44,l2,ssim,0.770513,0.7528183516824843,0.2166319340467453,0.29246896505355835,2351184.0,,,,,
a1-perceptual-l2_s42,a1-perceptual-l2,42,perceptual,l2,0.447492,0.4893530138428811,0.09160415828227997,0.08824808895587921,2351184.0,,,,,
a1-perceptual-l2_s43,a1-perceptual-l2,43,perceptual,l2,0.427151,0.48614792887056485,0.09990182518959045,0.09522268921136856,2351184.0,,,,,
a1-perceptual-l2_s44,a1-perceptual-l2,44,perceptual,l2,0.47168,0.5029209096265288,0.08761317282915115,0.08677434176206589,2351184.0,,,,,
a1-perceptual-l2grad_s42,a1-perceptual-l2grad,42,perceptual,l2grad,0.646791,0.6131297252589931,9.048168067238294e-06,1.1077316230512224e-05,2351184.0,,,,,
a1-perceptual-l2grad_s43,a1-perceptual-l2grad,43,perceptual,l2grad,0.654959,0.672878078762142,8.310038538184017e-06,1.0625055438140407e-05,2351184.0,,,,,
a1-perceptual-l2grad_s44,a1-perceptual-l2grad,44,perceptual,l2grad,0.644732,0.6182496551811771,8.614449143351521e-06,1.0672710232029203e-05,2351184.0,,,,,
a1-perceptual-ssim_s42,a1-perceptual-ssim,42,perceptual,ssim,0.41796199999999994,0.46571846066336653,0.6196390390396118,0.6009592413902283,2351184.0,,,,,
a1-perceptual-ssim_s43,a1-perceptual-ssim,43,perceptual,ssim,0.428055,0.46845442168038076,0.6609532833099365,0.6445054411888123,2351184.0,,,,,
a1-perceptual-ssim_s44,a1-perceptual-ssim,44,perceptual,ssim,0.4732635,0.5128207816729222,0.5872914791107178,0.5828104615211487,2351184.0,,,,,
a1-ssim-l2_s42,a1-ssim-l2,42,ssim,l2,0.594242,0.5634334257485467,0.03587789088487625,0.041984040290117264,2351184.0,,,,,
a1-ssim-l2_s43,a1-ssim-l2,43,ssim,l2,0.5977020000000001,0.5659356948825214,0.03611795976758003,0.0428752526640892,2351184.0,,,,,
a1-ssim-l2_s44,a1-ssim-l2,44,ssim,l2,0.6647969999999999,0.6273946200986689,0.030819037929177284,0.040868569165468216,2351184.0,,,,,
a1-ssim-l2grad_s42,a1-ssim-l2grad,42,ssim,l2grad,0.711358,0.679406581501552,3.1208112432068447e-06,4.42826922153472e-06,2351184.0,,,,,
a1-ssim-l2grad_s43,a1-ssim-l2grad,43,ssim,l2grad,0.7365889999999999,0.7124481337467926,3.0223293379094684e-06,4.789631930179894e-06,2351184.0,,,,,
a1-ssim-l2grad_s44,a1-ssim-l2grad,44,ssim,l2grad,0.80857,0.8014150394034172,2.3456486815121025e-06,4.417298896441935e-06,2351184.0,,,,,
a1-ssim-perceptual_s42,a1-ssim-perceptual,42,ssim,perceptual,0.670826,0.6153466765960817,0.630168616771698,0.6753038167953491,2351184.0,,,,,
a1-ssim-perceptual_s43,a1-ssim-perceptual,43,ssim,perceptual,0.62558,0.5569329024547728,0.639945387840271,0.6701932549476624,2351184.0,,,,,
a1-ssim-perceptual_s44,a1-ssim-perceptual,44,ssim,perceptual,0.750819,0.7128437916979242,0.5969700217247009,0.6581646800041199,2351184.0,,,,,
ae-grad_s42,ae-grad,42,l2,l2grad,0.748833,0.7311510003053151,9.398077622790879e-07,1.3344950957616675e-06,2351184.0,,,,,
ae-grad_s43,ae-grad,43,l2,l2grad,0.7393310000000001,0.7244151691760771,9.043112640938489e-07,1.2745956610160647e-06,2351184.0,,,,,
ae-grad_s44,ae-grad,44,l2,l2grad,0.727531,0.717422375094815,8.982520967037999e-07,1.2373669733278803e-06,2351184.0,,,,,
ae-l1_s42,ae-l1,42,l1,l1,0.67464,0.6751238944035822,0.08826982229948044,0.10536956042051315,2351184.0,0.07163028272946943,18.524242536226907,,,
ae-l1_s43,ae-l1,43,l1,l1,0.6957819999999999,0.6924753325992996,0.0877973735332489,0.10729904472827911,2351184.0,0.07163532848862418,18.501953009764353,,,
ae-l1_s44,ae-l1,44,l1,l1,0.685505,0.6795164743511164,0.08747120946645737,0.1056223139166832,2351184.0,0.07091686404879698,18.53679729302724,,,
ae-pl-posthoc-u_w-2_s42,ae-pl-posthoc-u,42,ae-pl-frozen+posthoc-var,aeu,0.574535,0.5888013552180599,0.9471839070320129,1.065446138381958,,,1.5075791676839192,2,ae-pl,
ae-pl-posthoc-u_w-2_s43,ae-pl-posthoc-u,43,ae-pl-frozen+posthoc-var,aeu,0.542043,0.5831455759192157,1.0614129304885864,1.142272710800171,,,1.5097442229588827,2,ae-pl,
ae-pl-posthoc-u_w-2_s44,ae-pl-posthoc-u,44,ae-pl-frozen+posthoc-var,aeu,0.5937790000000001,0.6038250050551881,0.9555623531341553,1.1033564805984497,,,1.5123786926269531,2,ae-pl,
ae-pl_s42,ae-pl,42,perceptual,perceptual,0.8773789999999999,0.8510819670964296,0.3990871012210846,0.5040026903152466,2351184.0,0.3211056783551583,19.228695340951283,,,
ae-pl_s43,ae-pl,43,perceptual,perceptual,0.877868,0.8507533239445202,0.40173178911209106,0.5065348744392395,2351184.0,0.3235533759829844,19.074996483325958,,,
ae-pl_s44,ae-pl,44,perceptual,perceptual,0.8720159999999999,0.8474933064492989,0.40091291069984436,0.5038440227508545,2351184.0,0.3216224127049819,20.089912724494933,,,
ae-posthoc-u_w-16_s42,ae-posthoc-u,42,l2-frozen+posthoc-var,aeu,0.815773,0.7882774459107575,2.358905076980591,3.8944740295410156,,,10.546028518676758,16,,
ae-posthoc-u_w-16_s43,ae-posthoc-u,43,l2-frozen+posthoc-var,aeu,0.816095,0.7842861036281723,1.9848682880401611,3.3401107788085938,,,10.389048369725545,16,,
ae-posthoc-u_w-16_s44,ae-posthoc-u,44,l2-frozen+posthoc-var,aeu,0.714678,0.6991199074361361,1.902984380722046,2.678039312362671,,,10.376357742150624,16,,
ae-posthoc-u_w-1_s42,ae-posthoc-u,42,l2-frozen+posthoc-var,aeu,0.6562589999999999,0.6472584114467694,1.8826580047607422,2.4965994358062744,,,0.8239457686742147,1,,
ae-posthoc-u_w-1_s43,ae-posthoc-u,43,l2-frozen+posthoc-var,aeu,0.667632,0.6603518302078818,1.8771523237228394,2.559077262878418,,,0.8088884790738423,1,,
ae-posthoc-u_w-1_s44,ae-posthoc-u,44,l2-frozen+posthoc-var,aeu,0.68429,0.6682169691108643,2.0512773990631104,2.96209454536438,,,0.8066923181215923,1,,
ae-posthoc-u_w-2_s42,ae-posthoc-u,42,l2-frozen+posthoc-var,aeu,0.8214570000000001,0.7943264858316332,2.1368277072906494,3.5863752365112305,,,1.5017801761627196,2,,
ae-posthoc-u_w-2_s43,ae-posthoc-u,43,l2-frozen+posthoc-var,aeu,0.8293230000000001,0.7979028097255421,1.7935932874679565,3.1169769763946533,,,1.5104493538538615,2,,
ae-posthoc-u_w-2_s44,ae-posthoc-u,44,l2-frozen+posthoc-var,aeu,0.8091065000000001,0.7755053522435844,2.1519839763641357,3.477635145187378,,,1.5089572389920554,2,,
ae-posthoc-u_w-4_s42,ae-posthoc-u,42,l2-frozen+posthoc-var,aeu,0.818733,0.7922409960011334,2.1681947708129883,3.6815176010131836,,,2.3707006057103475,4,,
ae-posthoc-u_w-4_s43,ae-posthoc-u,43,l2-frozen+posthoc-var,aeu,0.8278929999999999,0.7940159725021272,1.8176079988479614,3.1792919635772705,,,2.357051722208659,4,,
ae-posthoc-u_w-4_s44,ae-posthoc-u,44,l2-frozen+posthoc-var,aeu,0.8147370000000002,0.7813857344564757,2.205320358276367,3.6501729488372803,,,2.3616511185963946,4,,
ae-posthoc-u_w-8_s42,ae-posthoc-u,42,l2-frozen+posthoc-var,aeu,0.810941,0.7853248162554808,2.093839645385742,3.516664981842041,,,4.41535238424937,8,,
ae-posthoc-u_w-8_s43,ae-posthoc-u,43,l2-frozen+posthoc-var,aeu,0.827802,0.7941783211778726,2.1559388637542725,3.801243543624878,,,4.4082848072052006,8,,
ae-posthoc-u_w-8_s44,ae-posthoc-u,44,l2-frozen+posthoc-var,aeu,0.8156475,0.7823082997509627,2.145728349685669,3.6001665592193604,,,4.408042538166046,8,,
ae-posthoc-u_w-c4_s42,ae-posthoc-u,42,ae-frozen+posthoc-var,aeu,0.7597980000000001,0.7373112514308376,2.096158027648926,3.065199136734009,,,1.0368400891621907,{'chans': 4},ae,
ae-posthoc-u_w-c4_s43,ae-posthoc-u,43,ae-frozen+posthoc-var,aeu,0.803575,0.7723905151693875,1.8921045064926147,3.088855028152466,,,1.026212453842163,{'chans': 4},ae,
ae-posthoc-u_w-c4_s44,ae-posthoc-u,44,ae-frozen+posthoc-var,aeu,0.7847135000000001,0.7569927527889824,2.0249757766723633,3.1731979846954346,,,1.0237345735232035,{'chans': 4},ae,
ae-posthoc-u_w-lin256_s42,ae-posthoc-u,42,ae-frozen+posthoc-var,aeu,0.6575679999999999,0.6471630874044724,1.9611008167266846,2.6070802211761475,,,1.3953774571418762,"{'chans': 256, 'linear': True}",ae,
ae-posthoc-u_w-lin256_s43,ae-posthoc-u,43,ae-frozen+posthoc-var,aeu,0.662261,0.6547067184230434,1.9418766498565674,2.6202406883239746,,,1.363166916370392,"{'chans': 256, 'linear': True}",ae,
ae-posthoc-u_w-lin256_s44,ae-posthoc-u,44,ae-frozen+posthoc-var,aeu,0.682672,0.6674482063537223,2.0091850757598877,2.8913309574127197,,,1.3678654154141745,"{'chans': 256, 'linear': True}",ae,
ae-ssim-posthoc-u_w-2_s42,ae-ssim-posthoc-u,42,ae-ssim-frozen+posthoc-var,aeu,0.8777360000000001,0.87547829954684,2.0681703090667725,5.70848274230957,,,1.4660666028658549,2,ae-ssim,
ae-ssim-posthoc-u_w-2_s43,ae-ssim-posthoc-u,43,ae-ssim-frozen+posthoc-var,aeu,0.867521,0.8574217558331806,2.0895371437072754,5.186280250549316,,,1.4853560169537863,2,ae-ssim,
ae-ssim-posthoc-u_w-2_s44,ae-ssim-posthoc-u,44,ae-ssim-frozen+posthoc-var,aeu,0.8645239999999998,0.8621143818456206,2.1817290782928467,5.635693550109863,,,1.5044949213663736,2,ae-ssim,
ae-ssim_s42,ae-ssim,42,ssim,ssim,0.8085979999999999,0.7891582781584436,0.17383308708667755,0.25876080989837646,2351184.0,0.11230829411885919,2.094167149066925,,,
ae-ssim_s43,ae-ssim,43,ssim,ssim,0.803497,0.7838026667720684,0.17512451112270355,0.2591634690761566,2351184.0,0.11160314896839744,2.0987311522165935,,,
ae-ssim_s44,ae-ssim,44,ssim,ssim,0.812106,0.7910510782386215,0.17322476208209991,0.2592748701572418,2351184.0,0.11038040502663868,2.0850268840789794,,,
ae_s42,ae,42,l2,l2,0.682742,0.676968845035127,0.017216132953763008,0.02491573803126812,2351184.0,0.009888717191745108,18.566474505265553,,,
ae_s43,ae,43,l2,l2,0.69178,0.6801456230630326,0.01714450493454933,0.024952756240963936,2351184.0,0.01002670916765193,18.365671861171723,,,
ae_s44,ae,44,l2,l2,0.675855,0.6676358560538882,0.017108863219618797,0.02437705174088478,2351184.0,0.009847484957557379,18.42516904671987,,,
aeu_s42,aeu,42,aeu,aeu,0.863024,0.8408014045675403,1.3295754194259644,2.364992618560791,2351440.0,-3.9448219791259804,1.6480695366859437,,,
aeu_s43,aeu,43,aeu,aeu,0.869093,0.843721435051054,1.4464032649993896,2.584484815597534,2351440.0,-3.947905572102739,1.650699245929718,,,
aeu_s44,aeu,44,aeu,aeu,0.87368,0.8569216794627922,1.384497046470642,2.6500155925750732,2351440.0,-3.9536575905164164,1.635103980700175,,,
dae_s42,dae,42,l2,l2,0.8387189999999999,0.8017914020679234,0.008185873739421368,0.020172085613012314,31042369.0,0.0017189569457503526,82.16080055634181,,,
ens-all4_s42,ens-all4,42,,,0.8472975,0.8219247066819235,0.34595510255127565,0.6540448974487243,,,,,,l2+ssim+perceptual+aeu
ens-all4_s43,ens-all4,43,,,0.8517805,0.8265715267829105,0.3446425712856428,0.6553574287143572,,,,,,l2+ssim+perceptual+aeu
ens-all4_s44,ens-all4,44,,,0.8474455,0.8234497809465271,0.3457157328664332,0.6542842671335668,,,,,,l2+ssim+perceptual+aeu
ens-noIN_s42,ens-noIN,42,,,0.8155395000000001,0.7951342626934904,0.35753476738369183,0.6424652326163082,,,,,,l2+ssim+aeu
ens-noIN_s43,ens-noIN,43,,,0.8226555,0.8027888592912411,0.35586626646656655,0.6441337335334333,,,,,,l2+ssim+aeu
ens-noIN_s44,ens-noIN,44,,,0.819185,0.80072061020998,0.35632132733033184,0.6436786726696683,,,,,,l2+ssim+aeu
vae-grad-combi_s42,vae-grad-combi,42,vae,vaegrad-combi,0.659927,0.6699794210800254,4.6218653437790636e-07,6.715155791425786e-07,2367584.0,,,,,
vae-grad-combi_s43,vae-grad-combi,43,vae,vaegrad-combi,0.691866,0.6900066813359297,4.657759120618721e-07,7.032792836980661e-07,2367584.0,,,,,
vae-grad-combi_s44,vae-grad-combi,44,vae,vaegrad-combi,0.6832969999999999,0.6898819654121909,5.138726351106015e-07,7.796211889399274e-07,2367584.0,,,,,
vae-grad-rec_s42,vae-grad-rec,42,vae,vaegrad-rec,0.7015210000000001,0.6881055315093669,8.982407280200277e-07,1.1515445521581569e-06,2367584.0,,,,,
vae-grad-rec_s43,vae-grad-rec,43,vae,vaegrad-rec,0.727554,0.7183214014698021,8.99310975910339e-07,1.2007460554741556e-06,2367584.0,,,,,
vae-grad-rec_s44,vae-grad-rec,44,vae,vaegrad-rec,0.721457,0.713191661065256,9.037657946464606e-07,1.1988970527454512e-06,2367584.0,,,,,
vae_s42,vae,42,vae,vae,0.6562080000000001,0.6507510672149556,0.01971653290092945,0.02625012956559658,2367584.0,0.021606326957386335,1.713224506378174,,,
vae_s43,vae,43,vae,vae,0.6907,0.6795799826131395,0.019631337374448776,0.02747347764670849,2367584.0,0.021692670784045184,1.713481326897939,,,
vae_s44,vae,44,vae,vae,0.672906,0.6669388457394861,0.019277678802609444,0.026585346087813377,2367584.0,0.021729065652359186,1.7085103591283162,,,
